2021.03.10.17.46.16,Statistical Detection,Irregular Mean found
2021.03.10.17.46.16,Statistical Detection,Irregular Mean found
2021.03.10.17.46.16,Statistical Detection,Irregular Mean found
2021.03.10.17.46.16,Statistical Detection,Irregular Mean found
2021.03.10.17.46.16,Statistical Detection,Irregular Mean found
2021.03.10.17.46.16,Statistical Detection,Irregular Mean found
2021.03.10.17.46.16,Statistical Detection,Irregular Mean found
2021.03.10.17.46.16,Statistical Detection,Irregular Mean found
2021.03.10.17.46.16,Statistical Detection,Irregular Mean found
2021.03.10.17.46.16,Statistical Detection,Irregular Mean found
2021.03.10.17.46.16,Statistical Detection,Irregular Mean found
2021.03.10.17.46.16,Statistical Detection,Irregular Mean found
2021.03.10.17.46.16,Statistical Detection,Irregular Mean found
2021.03.10.17.46.16,Statistical Detection,Irregular Mean found
2021.03.10.17.46.16,Statistical Detection,Irregular Mean found
2021.03.10.17.46.16,Statistical Detection,Irregular Mean found
2021.03.10.17.46.16,Statistical Detection,Irregular Mean found
2021.03.10.17.46.16,Statistical Detection,Irregular Mean found
2021.03.10.17.46.16,Statistical Detection,Irregular Mean found
2021.03.10.17.46.16,Statistical Detection,Irregular Mean found
2021.03.10.17.46.16,Statistical Detection,Irregular Mean found
2021.03.10.17.46.16,Statistical Detection,Irregular Mean found
2021.03.10.17.46.16,Statistical Detection,Irregular Mean found
2021.03.10.17.46.16,Statistical Detection,Irregular Mean found
2021.03.10.17.46.16,Statistical Detection,Irregular Mean found
2021.03.10.17.46.16,Statistical Detection,Irregular Mean found
2021.03.10.17.46.16,Statistical Detection,Irregular Mean found
2021.03.10.17.46.16,Statistical Detection,Irregular Mean found
2021.03.10.17.46.16,Statistical Detection,Irregular Mean found
2021.03.10.17.46.16,Statistical Detection,Irregular Mean found
2021.03.10.17.46.16,Statistical Detection,Irregular Mean found
2021.03.10.17.46.16,Statistical Detection,Irregular Mean found
2021.03.10.17.46.16,Statistical Detection,Irregular Mean found
2021.03.10.17.46.16,Statistical Detection,Irregular Mean found
2021.03.10.17.46.16,Statistical Detection,Irregular Mean found
2021.03.10.17.46.16,Statistical Detection,Irregular Mean found
2021.03.10.17.46.16,Statistical Detection,Irregular Mean found
2021.03.10.17.46.16,Statistical Detection,Irregular Mean found
2021.03.10.17.46.16,Statistical Detection,Irregular Mean found
2021.03.10.17.46.16,Statistical Detection,Irregular Mean found
2021.03.10.17.46.16,Statistical Detection,Irregular Mean found
2021.03.10.17.46.16,Statistical Detection,Irregular Mean found
2021.03.10.17.46.16,Statistical Detection,Irregular Mean found
2021.03.10.17.46.16,Statistical Detection,Irregular Mean found
2021.03.10.17.46.16,Statistical Detection,Irregular Mean found
2021.03.10.17.46.16,Statistical Detection,Irregular Mean found
2021.03.10.17.46.16,Statistical Detection,Irregular Mean found
2021.03.10.17.46.16,Statistical Detection,Irregular Mean found
2021.03.10.17.46.16,Statistical Detection,Irregular Mean found
2021.03.10.17.46.16,Statistical Detection,Irregular Mean found
2021.03.10.17.46.16,Statistical Detection,Irregular Mean found
2021.03.10.17.46.16,Statistical Detection,Irregular Mean found
2021.03.10.17.46.16,Statistical Detection,Irregular Mean found
2021.03.10.17.46.16,Statistical Detection,Irregular Mean found
2021.03.10.17.46.16,Statistical Detection,Irregular Mean found
2021.03.10.17.46.16,Statistical Detection,Irregular Mean found
2021.03.10.17.46.16,Statistical Detection,Irregular Mean found
2021.03.10.17.46.16,Statistical Detection,Irregular Mean found
2021.03.10.17.46.16,Statistical Detection,Irregular Mean found
2021.03.10.17.46.16,Statistical Detection,Irregular Mean found
2021.03.10.17.46.16,Statistical Detection,Irregular Mean found
2021.03.10.17.46.16,Statistical Detection,Irregular Mean found
2021.03.10.17.46.16,Statistical Detection,Irregular Mean found
2021.03.10.17.46.16,Statistical Detection,Irregular Mean found
2021.03.10.17.46.16,Statistical Detection,Irregular Mean found
2021.03.10.17.46.16,Statistical Detection,Irregular Mean found
2021.03.10.17.46.16,Statistical Detection,Irregular Mean found
2021.03.10.17.46.16,Statistical Detection,Irregular Mean found
2021.03.10.17.46.16,Statistical Detection,Irregular Mean found
2021.03.10.17.46.16,Statistical Detection,Irregular Mean found
2021.03.10.17.46.16,Statistical Detection,Irregular Mean found
2021.03.10.17.46.16,Statistical Detection,Irregular Mean found
2021.03.10.17.46.16,Statistical Detection,Irregular Mean found
2021.03.10.17.46.16,Statistical Detection,Irregular Mean found
2021.03.10.17.46.16,Statistical Detection,Irregular Mean found
2021.03.10.17.46.16,Statistical Detection,Irregular Mean found
2021.03.10.17.46.16,Statistical Detection,Irregular Mean found
2021.03.10.17.46.16,Statistical Detection,Irregular Mean found
2021.03.10.17.46.16,Statistical Detection,Irregular Mean found
2021.03.10.17.46.16,Statistical Detection,Irregular Mean found
2021.03.10.17.46.16,Statistical Detection,Irregular Mean found
2021.03.10.17.46.16,Statistical Detection,Irregular Mean found
2021.03.10.17.46.16,Statistical Detection,Irregular Mean found
2021.03.10.17.46.16,Statistical Detection,Irregular Mean found
2021.03.10.17.46.16,Statistical Detection,Irregular Mean found
2021.03.10.17.46.16,Statistical Detection,Irregular Mean found
2021.03.10.17.46.16,Statistical Detection,Irregular Mean found
2021.03.10.17.46.16,Statistical Detection,Irregular Mean found
2021.03.10.17.46.16,Statistical Detection,Irregular Mean found
2021.03.10.17.46.16,Statistical Detection,Irregular Mean found
2021.03.10.17.46.16,Statistical Detection,Irregular Mean found
2021.03.10.17.46.16,Statistical Detection,Irregular Mean found
2021.03.10.17.46.16,Statistical Detection,Irregular Mean found
2021.03.10.17.46.16,Statistical Detection,Irregular Mean found
2021.03.10.17.46.16,Statistical Detection,Irregular Mean found
2021.03.10.17.46.16,Statistical Detection,Irregular Mean found
2021.03.10.17.46.16,Statistical Detection,Irregular Mean found
2021.03.10.17.46.16,Statistical Detection,Irregular Mean found
2021.03.10.17.46.16,Statistical Detection,Irregular Mean found
2021.03.10.17.46.16,Statistical Detection,Irregular Mean found
2021.03.10.17.46.16,Statistical Detection,Irregular Mean found
2021.03.10.17.46.16,Statistical Detection,Irregular Mean found
2021.03.10.17.46.16,Statistical Detection,Irregular Mean found
2021.03.10.17.46.16,Statistical Detection,Irregular Mean found
